{
	"name": "grappling-gun",
	"version": "0.4.1",
	"title": "Grappling Gun",
	"author": "Earendel",
	"dependencies": [
		"base >= 2.0.0"
	],
	"description": "Fire a grapple, if it finds a suitable location near the target position the player will be pulled to that location. Can be used to jump over buildings and cross water. If used with the Space Exploration, it can be used to pull yourself back to your space station if you fall off.",
	"factorio_version": "2.0",
	"homepage": "https://factorio.miraheze.org/",
  "package": {
    "git_publish_branch": "master",
    "ignore": ["**"],
    "extra": [
      { 
        "root": ".build"
      }
    ],
    "scripts": {
      "datestamp": "sh ./build-scripts/datestamp.sh",
      "prepackage": "sh ./build-scripts/prepackage.sh"
    }
  }
}
