{
    "name": "qol_research",
    "version": "3.3.3",
    "title": "Quality of Life research",
    "author": "Aidiakapi",
    "contact": "aidiakapi@gmail.com",
    "homepage": "https://mods.factorio.com/mod/qol_research",
    "description": "The mod adds a bunch of Quality of Life researches/bonuses to the game. You can configure it to cherry pick which ones you want.",
    "factorio_version": "1.1",
    "dependencies": [
        "base >= 1.1.0",
        "?space-exploration >= 0.2.0",
        "?nullius >= 1.5.0",
        "?Krastorio2 >= 1.3.0"
    ]
}