{
  "name": "stdlib",
  "version": "1.4.8",
  "factorio_version": "1.1",
  "title": "Factorio Standard Library",
  "author": "Afforess",
  "contact": "",
  "dependencies": [
    "base >= 1.1.0"
  ],
  "homepage": "https://github.com/Afforess/Factorio-Stdlib",
  "description": "The Factorio Standard Library is a project to bring Factorio modders high-quality, commonly-required utilities and tools.",
  "package": {
    "ignore": [
      "wiki/**",
      "spec/**",
      "tools/**",
      "doc/**",
      "faketorio/**"
    ]
  }
}
