{
	"name": "aai-signal-transmission",
	"version": "0.5.0",
	"title": "AAI Signal Transmission",
	"author": "Earendel",
	"dependencies": [
		"base >= 2.0.2",
		"? space-age >= 2.0.2"
	],
	"description": "Allows sending of signals from anywhere to anywhere, even between planets. Unlimited distances. No surface restrictions.",
	"factorio_version": "2.0",
  "homepage": "https://spaceexploration.miraheze.org/wiki/Main_Page",
  "package": {
    "git_publish_branch": "master",
    "ignore": ["**"],
    "extra": [
      { 
        "root": ".build"
      }
    ],
    "scripts": {
      "datestamp": "sh ./build-scripts/datestamp.sh",
      "prepackage": "sh ./build-scripts/prepackage.sh",
      "postpublish": "sh ./build-scripts/postpublish.sh"
    }
  }
}
