{
  "name": "CompressedFluids",
  "version": "0.1.23",
  "factorio_version": "1.1",
  "title": "Pressurized Fluids",
  "author": "lovely_santa",
  "contact": "https://mods.factorio.com/mod/CompressedFluids/discussion",
  "homepage": "https://mods.factorio.com/mod/CompressedFluids",
  "description": "Tired of pipe throughput issues? Pressurize fluids to increase throughput significantly.",
  "dependencies": [
    "base >= 1.1.2",
    "LSlib >= 2020.11.26",

    "(?) angelspetrochem",
    "(?) angelssmelting",
    "(?) angelsindustries"
  ]
}
