{
  "name": "BottleneckLite",
  "version": "1.3.2",
  "title": "Bottleneck Lite",
  "description": "A tool for locating bottlenecks in your factory, with zero runtime overhead and instant response to changes in status.",
  "author": "raiguard",
  "contact": "https://github.com/raiguard/BottleneckLite",
  "homepage": "https://github.com/raiguard/BottleneckLite",
  "factorio_version": "2.0",
  "dependencies": [ "base >= 2.0.0", "flib >= 0.15.0", "(?) space-exploration-postprocess" ],
  "package": {
    "git_publish_branch": "main",
    "ignore": [ "imgui.ini", "screenshots/*", "stylua.toml" ],
    "scripts": { "prepublish": "factorio-crowdin-sync" },
    "sync_portal_details": true
  }
}
