{
    "name": "LTN_Combinator_Modernized",
    "version": "2.1.5",
    "title": "LTN Combinator Modernized",
    "description": "Add a combinator with friendly GUI to manage LTN Control Signals for each LTN Train Stop",
    "author": "kryojenik",
    "contact": "https://github.com/kryojenik/LTN_Combinator_Modernized",
    "homepage": "https://github.com/kryojenik/LTN_Combinator_Modernized",
    "factorio_version": "1.1",
    "dependencies": [
        "base >= 1.1.74",
        "flib >= 0.13.0",
        "LogisticTrainNetwork >= 1.15.0",
        "!LTN_Combinator_Fix"
    ],
    "package": {
        "git_publish_branch": "main",
        "ignore": [
            "TODO.md",
            "trace-string.txt",
            "types.lua",
            "screenshots/*"
        ],
        "sync_portal_details": true
    }
}
