{
  "name": "even-distribution",
  "version": "2.0.2",
  "factorio_version": "2.0",
  "title": "Even Distribution",
  "author": "321freddy",
  "contact": "https://forums.factorio.com/viewtopic.php?f=92&t=46278",
  "homepage": "",
  "description": "Modifies CTRL + Click Drag to evenly distribute the items over multiple buildings. \r\n\r\nAdds Inventory Cleanup hotkey (SHIFT+C) to evenly distribute uneeded items from your inventory into nearby machines.",
  "dependencies": ["base >= 2.0.7"]
}