{
  "name": "vtk-cannon-turret",
  "version": "1.12.1",
  "title": "VortiK's Cannon Turret",
  "author": "VortiK",
  "homepage": "",
  "description": "Adds a cannon mounted turret and specific cannon shell magazine ammunition that behave like the thank shells without friendly fire colliding. Bonus technology to make all walls and gates resistant to explosions to better works with the cannon turret.",
  "factorio_version": "1.1",
  "dependencies": [
    "base >= 1.1",	
    "? Krastorio2 >= 0.9",
    "? space-exploration >= 0.5.37"
  ]
}