{
    "name": "deadlock-beltboxes-loaders",
    "version": "2.4.2",
    "title": "Deadlock's Stacking Beltboxes & Compact Loaders",
    "author": "Deadlock989, Shane Madden",
    "homepage": "https://forums.factorio.com/viewtopic.php?f=94&t=57264",
    "dependencies": [
        "base >= 1.1",
        "? ReStack"
    ],
    "description": "Adds minimalist 1x1 loaders and stacking beltboxes for 5x belt compression for ores, plates and some intermediate products",
    "factorio_version": "1.1"
}
