{
  "name": "bobmods_gfxtweak_ldinc",
  "version": "0.20.3",
  "factorio_version": "1.1",
  "title": "Bob's Mods : Alternate Textures",
  "author": "Necriptos & CitizenJoe",
  "contact": "necriptos@gmail.com",
  "homepage": "https://forums.factorio.com/viewtopic.php?f=51&t=46948",
  "description": "Fork for 1.1. Some alternate textures for bob's mods (Additional icons made by CitizenJoe), gives a more vanilla friendly look to bob's mods",
  "dependencies": ["base >= 0.18.0", "boblibrary >= 0.18.0", "? bobelectronics >= 0.18.0", "? bobwarfare >= 0.18.0"]
}
